product_name,img,product_price,promotion
Apple MacBook Air M2 2024 8CPU 8GPU 16GB 256GB I Chính hãng Apple Việt Nam,https://cdn2.cellphones.com.vn/insecure/rs:fill:358:358/q:90/plain/https://cellphones.com.vn/media/catalog/product/i/m/image_1396_1.png,23790000,Không phí chuyển đổi khi trả góp 0% qua thẻ tín dụng kỳ hạn 3-6 tháng
Apple MacBook Air M1 256GB 2020 I Chính hãng Apple Việt Nam,https://cdn2.cellphones.com.vn/insecure/rs:fill:358:358/q:90/plain/https://cellphones.com.vn/media/catalog/product/m/a/macbook_5_1.png,16990000,Không phí chuyển đổi khi trả góp 0% qua thẻ tín dụng kỳ hạn 3-6 tháng
Mac mini M4 2024 10CPU 10GPU 16GB 256GB | Chính hãng Apple Việt Nam,https://cdn2.cellphones.com.vn/insecure/rs:fill:358:358/q:90/plain/https://cellphones.com.vn/media/catalog/product/m/a/macbook_7_1.png,14990000,Không phí chuyển đổi khi trả góp 0% qua thẻ tín dụng kỳ hạn 3-6 tháng
MacBook Air M3 13 inch 2024 8CPU 8GPU 16GB - 256GB sạc 30W | Chính hãng Apple Việt Nam,https://cdn2.cellphones.com.vn/insecure/rs:fill:358:358/q:90/plain/https://cellphones.com.vn/media/catalog/product/m/a/macbook_1__2_5.png,26490000,Không phí chuyển đổi khi trả góp 0% qua thẻ tín dụng kỳ hạn 3-6 tháng
MacBook Pro 14 M4 10CPU 10GPU 16GB 512GB | Chính hãng Apple Việt Nam,https://cdn2.cellphones.com.vn/insecure/rs:fill:358:358/q:90/plain/https://cellphones.com.vn/media/catalog/product/m/a/macbook_4__7.png,39990000,Không phí chuyển đổi khi trả góp 0% qua thẻ tín dụng kỳ hạn 3-6 tháng
MacBook Air M3 15 inch 2024 8CPU 10GPU 24GB 512GB Sạc 35W | Chính hãng Apple Việt Nam,https://cdn2.cellphones.com.vn/insecure/rs:fill:358:358/q:90/plain/https://cellphones.com.vn/media/catalog/product/m/a/macbook_1__2_7.png,39990000,Không phí chuyển đổi khi trả góp 0% qua thẻ tín dụng kỳ hạn 3-6 tháng
Apple MacBook Air M2 2024 8CPU 10GPU 16GB 512GB I Chính hãng Apple Việt Nam,https://cdn2.cellphones.com.vn/insecure/rs:fill:358:358/q:90/plain/https://cellphones.com.vn/media/catalog/product/g/r/group_533_1.png,28590000,Không phí chuyển đổi khi trả góp 0% qua thẻ tín dụng kỳ hạn 3-6 tháng
MacBook Pro 14 M4 Pro 12CPU 16GPU 24GB 512GB | Chính hãng Apple Việt Nam,https://cdn2.cellphones.com.vn/insecure/rs:fill:358:358/q:90/plain/https://cellphones.com.vn/media/catalog/product/m/a/macbook_9__4.png,49690000,Không phí chuyển đổi khi trả góp 0% qua thẻ tín dụng kỳ hạn 3-6 tháng
Apple MacBook Air M2 2024 8CPU 10GPU 16GB 512GB Sạc 70W I Chính hãng Apple Việt Nam,https://cdn2.cellphones.com.vn/insecure/rs:fill:358:358/q:90/plain/https://cellphones.com.vn/media/catalog/product/g/r/group_524_2_.png,28590000,Không phí chuyển đổi khi trả góp 0% qua thẻ tín dụng kỳ hạn 3-6 tháng
MacBook Pro 14 M4 10CPU 10GPU 24GB 512GB | Chính hãng Apple Việt Nam,https://cdn2.cellphones.com.vn/insecure/rs:fill:358:358/q:90/plain/https://cellphones.com.vn/media/catalog/product/m/a/macbook_8.png,44690000,Không phí chuyển đổi khi trả góp 0% qua thẻ tín dụng kỳ hạn 3-6 tháng
MacBook Air M3 13 inch 2024 16GB - 512GB | Chính hãng Apple Việt Nam,https://cdn2.cellphones.com.vn/insecure/rs:fill:358:358/q:90/plain/https://cellphones.com.vn/media/catalog/product/m/a/macbook_11_.png,30590000,Không phí chuyển đổi khi trả góp 0% qua thẻ tín dụng kỳ hạn 3-6 tháng
MacBook Pro 14 M4 Max 14CPU 32GPU 36GB 1TB Nano | Chính hãng Apple Việt Nam,https://cdn2.cellphones.com.vn/insecure/rs:fill:358:358/q:90/plain/https://cellphones.com.vn/media/catalog/product/m/a/macbook_3__12.png,83790000,Không phí chuyển đổi khi trả góp 0% qua thẻ tín dụng kỳ hạn 3-6 tháng
Mac mini M4 2024 10CPU 10GPU 24GB 512GB | Chính hãng Apple Việt Nam,https://cdn2.cellphones.com.vn/insecure/rs:fill:358:358/q:90/plain/https://cellphones.com.vn/media/catalog/product/m/a/macbook_2__13.png,24990000,Không phí chuyển đổi khi trả góp 0% qua thẻ tín dụng kỳ hạn 3-6 tháng
MacBook Air M3 13 inch 2024 8CPU 10GPU 16GB - 256GB sạc 30W | Chính hãng Apple Việt Nam,https://cdn2.cellphones.com.vn/insecure/rs:fill:358:358/q:90/plain/https://cellphones.com.vn/media/catalog/product/m/a/macbook_8__1_2.png,27990000,Không phí chuyển đổi khi trả góp 0% qua thẻ tín dụng kỳ hạn 3-6 tháng
Mac mini M4 2024 10CPU 10GPU 16GB 512GB | Chính hãng Apple Việt Nam,https://cdn2.cellphones.com.vn/insecure/rs:fill:358:358/q:90/plain/https://cellphones.com.vn/media/catalog/product/m/a/macbook_1__2_3.png,19990000,Không phí chuyển đổi khi trả góp 0% qua thẻ tín dụng kỳ hạn 3-6 tháng
Mac Studio M2 Max 2023 (12CPU - 30GPU - 32GB - 512GB) | Chính hãng Apple Việt Nam,https://cdn2.cellphones.com.vn/insecure/rs:fill:358:358/q:90/plain/https://cellphones.com.vn/media/catalog/product/m/a/macbook_30_.png,54690000,Không phí chuyển đổi khi trả góp 0% qua thẻ tín dụng kỳ hạn 3-6 tháng
MacBook Air M3 15 inch 2024 16GB - 256GB sạc 70W | Chính hãng Apple Việt Nam,https://cdn2.cellphones.com.vn/insecure/rs:fill:358:358/q:90/plain/https://cellphones.com.vn/media/catalog/product/m/a/macbook_23_.png,30690000,Không phí chuyển đổi khi trả góp 0% qua thẻ tín dụng kỳ hạn 3-6 tháng
Mac mini M4 Pro 2024 12CPU 16GPU 24GB 512GB | Chính hãng Apple Việt Nam,https://cdn2.cellphones.com.vn/insecure/rs:fill:358:358/q:90/plain/https://cellphones.com.vn/media/catalog/product/m/a/macbook_3__7.png,34990000,Không phí chuyển đổi khi trả góp 0% qua thẻ tín dụng kỳ hạn 3-6 tháng
Mac mini M2 Pro 2023 (10 CPU - 16 GPU - 16GB - 512GB) | Chính hãng Apple Việt Nam,https://cdn2.cellphones.com.vn/insecure/rs:fill:358:358/q:90/plain/https://cellphones.com.vn/media/catalog/product/m/a/macbook_33_.png,17990000,Không phí chuyển đổi khi trả góp 0% qua thẻ tín dụng kỳ hạn 3-6 tháng
MacBook Air M3 15 inch 2024 8GB - 256GB | Chính hãng Apple Việt Nam,https://cdn2.cellphones.com.vn/insecure/rs:fill:358:358/q:90/plain/https://cellphones.com.vn/media/catalog/product/m/a/macbook_3__3.png,27990000,Không phí chuyển đổi khi trả góp 0% qua thẻ tín dụng kỳ hạn 3-6 tháng
MacBook Air M3 15 inch 2024 16GB - 512GB | Chính hãng Apple Việt Nam,https://cdn2.cellphones.com.vn/insecure/rs:fill:358:358/q:90/plain/https://cellphones.com.vn/media/catalog/product/m/a/macbook_17__1.png,35190000,Không phí chuyển đổi khi trả góp 0% qua thẻ tín dụng kỳ hạn 3-6 tháng
MacBook Air M3 13 inch 2024 8CPU 10GPU 24GB - 512GB Sạc 35W | Chính hãng Apple Việt Nam,https://cdn2.cellphones.com.vn/insecure/rs:fill:358:358/q:90/plain/https://cellphones.com.vn/media/catalog/product/m/a/macbook_7_5.png,34290000,Không phí chuyển đổi khi trả góp 0% qua thẻ tín dụng kỳ hạn 3-6 tháng
iMac M4 2024 24 inch 8CPU 8GPU 16GB 256GB | Chính hãng Apple Việt Nam,https://cdn2.cellphones.com.vn/insecure/rs:fill:358:358/q:90/plain/https://cellphones.com.vn/media/catalog/product/m/a/macbook_1__2_2.png,33990000,Không phí chuyển đổi khi trả góp 0% qua thẻ tín dụng kỳ hạn 3-6 tháng
Mac mini M2 2023 (8 CPU - 10 GPU - 16GB - 512GB) | Chính hãng Apple Việt Nam,https://cdn2.cellphones.com.vn/insecure/rs:fill:358:358/q:90/plain/https://cellphones.com.vn/media/catalog/product/m/a/macbook_29_.png,15990000,Không phí chuyển đổi khi trả góp 0% qua thẻ tín dụng kỳ hạn 3-6 tháng
Mac mini M2 2023 (8 CPU - 10 GPU - 24GB - 256GB) | Chính hãng Apple Việt Nam,https://cdn2.cellphones.com.vn/insecure/rs:fill:358:358/q:90/plain/https://cellphones.com.vn/media/catalog/product/m/a/macbook_41_.png,14990000,Không phí chuyển đổi khi trả góp 0% qua thẻ tín dụng kỳ hạn 3-6 tháng
MacBook Pro 16 M4 Max 16CPU 40GPU 48GB 1TB | Chính hãng Apple Việt Nam,https://cdn2.cellphones.com.vn/insecure/rs:fill:358:358/q:90/plain/https://cellphones.com.vn/media/catalog/product/m/a/macbook_3__8.png,102490000,Không phí chuyển đổi khi trả góp 0% qua thẻ tín dụng kỳ hạn 3-6 tháng
MacBook Air M3 15 inch 2024 8CPU 10GPU 16GB 256GB Sạc 35W | Chính hãng Apple Việt Nam,https://cdn2.cellphones.com.vn/insecure/rs:fill:358:358/q:90/plain/https://cellphones.com.vn/media/catalog/product/m/a/macbook_23__2.png,30690000,Không phí chuyển đổi khi trả góp 0% qua thẻ tín dụng kỳ hạn 3-6 tháng
MacBook Pro 16 M3 Max 48GB - 1TB | Chính hãng Apple Việt Nam,https://cdn2.cellphones.com.vn/insecure/rs:fill:358:358/q:90/plain/https://cellphones.com.vn/media/catalog/product/g/r/group_562_2_.png,89990000,Không phí chuyển đổi khi trả góp 0% qua thẻ tín dụng kỳ hạn 3-6 tháng
MacBook Pro 16 M4 Max 16CPU 40GPU 64GB 2TB | Chính hãng Apple Việt Nam,https://cdn2.cellphones.com.vn/insecure/rs:fill:358:358/q:90/plain/https://cellphones.com.vn/media/catalog/product/m/a/macbook_2__19.png,117490000,Không phí chuyển đổi khi trả góp 0% qua thẻ tín dụng kỳ hạn 3-6 tháng
MacBook Pro 14 M4 10CPU 10GPU 24GB 1TB | Chính hãng Apple Việt Nam,https://cdn2.cellphones.com.vn/insecure/rs:fill:358:358/q:90/plain/https://cellphones.com.vn/media/catalog/product/m/a/macbook_6__6.png,49990000,Không phí chuyển đổi khi trả góp 0% qua thẻ tín dụng kỳ hạn 3-6 tháng
MacBook Pro 14 M4 Max 14CPU 32GPU 36GB 1TB | Chính hãng Apple Việt Nam,https://cdn2.cellphones.com.vn/insecure/rs:fill:358:358/q:90/plain/https://cellphones.com.vn/media/catalog/product/m/a/macbook_10__3.png,77990000,Không phí chuyển đổi khi trả góp 0% qua thẻ tín dụng kỳ hạn 3-6 tháng
MacBook Air M3 15 inch 2024 8GB - 512GB | Chính hãng Apple Việt Nam,https://cdn2.cellphones.com.vn/insecure/rs:fill:358:358/q:90/plain/https://cellphones.com.vn/media/catalog/product/m/a/macbook_34_.png,29990000,Không phí chuyển đổi khi trả góp 0% qua thẻ tín dụng kỳ hạn 3-6 tháng
iMac M4 2024 24 inch 10CPU 10GPU 16GB 512GB | Chính hãng Apple Việt Nam,https://cdn2.cellphones.com.vn/insecure/rs:fill:358:358/q:90/plain/https://cellphones.com.vn/media/catalog/product/m/a/macbook_4__6.png,44990000,Không phí chuyển đổi khi trả góp 0% qua thẻ tín dụng kỳ hạn 3-6 tháng
Mac mini M4 Pro 2024 12CPU 16GPU 48GB 512GB | Chính hãng Apple Việt Nam,https://cdn2.cellphones.com.vn/insecure/rs:fill:358:358/q:90/plain/https://cellphones.com.vn/media/catalog/product/m/a/macbook_3__11.png,44590000,Không phí chuyển đổi khi trả góp 0% qua thẻ tín dụng kỳ hạn 3-6 tháng
MacBook Air M3 15 inch 2024 8CPU 10GPU 16GB - 512GB Sạc 70W | Chính hãng Apple Việt Nam,https://cdn2.cellphones.com.vn/insecure/rs:fill:358:358/q:90/plain/https://cellphones.com.vn/media/catalog/product/m/a/macbook_17__1_2.png,35190000,Không phí chuyển đổi khi trả góp 0% qua thẻ tín dụng kỳ hạn 3-6 tháng
MacBook Pro 14 inch 2021 | Chính hãng Apple Việt Nam,https://cdn2.cellphones.com.vn/insecure/rs:fill:358:358/q:90/plain/https://cellphones.com.vn/media/catalog/product/p/r/pro_2021.png,39990000,Không phí chuyển đổi khi trả góp 0% qua thẻ tín dụng kỳ hạn 3-6 tháng
MacBook Pro 16 M3 Pro 36GB - 512GB | Chính hãng Apple Việt Nam,https://cdn2.cellphones.com.vn/insecure/rs:fill:358:358/q:90/plain/https://cellphones.com.vn/media/catalog/product/g/r/group_562_5_.png,62990000,Không phí chuyển đổi khi trả góp 0% qua thẻ tín dụng kỳ hạn 3-6 tháng
iMac M3 24 inch 8CPU 8GPU 16GB 256GB | Chính hãng Apple Việt Nam,https://cdn2.cellphones.com.vn/insecure/rs:fill:358:358/q:90/plain/https://cellphones.com.vn/media/catalog/product/m/a/macbook_31_.png,28990000,Không phí chuyển đổi khi trả góp 0% qua thẻ tín dụng kỳ hạn 3-6 tháng
Mac mini M4 2024 10CPU 10GPU 24GB 1TB | Chính hãng Apple Việt Nam,https://cdn2.cellphones.com.vn/insecure/rs:fill:358:358/q:90/plain/https://cellphones.com.vn/media/catalog/product/m/a/macbook_2__18.png,29590000,Không phí chuyển đổi khi trả góp 0% qua thẻ tín dụng kỳ hạn 3-6 tháng
MacBook Pro 14 M3 Pro 18GB - 1TB | Chính hãng Apple Việt Nam,https://cdn2.cellphones.com.vn/insecure/rs:fill:358:358/q:90/plain/https://cellphones.com.vn/media/catalog/product/g/r/group_560_2_.png,49990000,Không phí chuyển đổi khi trả góp 0% qua thẻ tín dụng kỳ hạn 3-6 tháng
MacBook Pro 16 M3 Max 36GB - 1TB | Chính hãng Apple Việt Nam,https://cdn2.cellphones.com.vn/insecure/rs:fill:358:358/q:90/plain/https://cellphones.com.vn/media/catalog/product/g/r/group_562.png,81990000,Không phí chuyển đổi khi trả góp 0% qua thẻ tín dụng kỳ hạn 3-6 tháng
MacBook Pro 14 M4 10CPU 10GPU 16GB 1TB | Chính hãng Apple Việt Nam,https://cdn2.cellphones.com.vn/insecure/rs:fill:358:358/q:90/plain/https://cellphones.com.vn/media/catalog/product/m/a/macbook_5__5.png,44990000,Không phí chuyển đổi khi trả góp 0% qua thẻ tín dụng kỳ hạn 3-6 tháng
MacBook Air M3 13 inch 2024 8CPU 10GPU 16GB 512GB | Chính hãng Apple Việt Nam,https://cdn2.cellphones.com.vn/insecure/rs:fill:358:358/q:90/plain/https://cellphones.com.vn/media/catalog/product/m/a/macbook_8__2.png,30590000,Không phí chuyển đổi khi trả góp 0% qua thẻ tín dụng kỳ hạn 3-6 tháng
Mac mini M2 Pro 2023 (10 CPU - 16 GPU - 32GB - 512GB) | Chính hãng Apple Việt Nam,https://cdn2.cellphones.com.vn/insecure/rs:fill:358:358/q:90/plain/https://cellphones.com.vn/media/catalog/product/m/a/macbook_35_.png,22990000,Không phí chuyển đổi khi trả góp 0% qua thẻ tín dụng kỳ hạn 3-6 tháng
MacBook Pro 14 M4 Pro 14CPU 20GPU 24GB 1TB | Chính hãng Apple Việt Nam,https://cdn2.cellphones.com.vn/insecure/rs:fill:358:358/q:90/plain/https://cellphones.com.vn/media/catalog/product/m/a/macbook_7_7.png,59990000,Không phí chuyển đổi khi trả góp 0% qua thẻ tín dụng kỳ hạn 3-6 tháng
MacBook Pro 14 M3 Pro 2023 36GB - 1TB | Chính hãng Apple Việt Nam,https://cdn2.cellphones.com.vn/insecure/rs:fill:358:358/q:90/plain/https://cellphones.com.vn/media/catalog/product/m/a/macbook_7.png,64990000,Không phí chuyển đổi khi trả góp 0% qua thẻ tín dụng kỳ hạn 3-6 tháng
MacBook Pro 14 M4 10CPU 10GPU 16GB 512GB Nano Sạc 70W | Chính hãng Apple Việt Nam,https://cdn2.cellphones.com.vn/insecure/rs:fill:358:358/q:90/plain/https://cellphones.com.vn/media/catalog/product/m/a/macbook_8_6.png,43790000,Không phí chuyển đổi khi trả góp 0% qua thẻ tín dụng kỳ hạn 3-6 tháng
MacBook Pro 16 M4 Pro 14CPU 20GPU 24GB 512GB | Chính hãng Apple Việt Nam,https://cdn2.cellphones.com.vn/insecure/rs:fill:358:358/q:90/plain/https://cellphones.com.vn/media/catalog/product/m/a/macbook_7_2.png,64590000,Không phí chuyển đổi khi trả góp 0% qua thẻ tín dụng kỳ hạn 3-6 tháng
MacBook Pro 16 M4 Max 14CPU 32GPU 36GB 1TB | Chính hãng Apple Việt Nam,https://cdn2.cellphones.com.vn/insecure/rs:fill:358:358/q:90/plain/https://cellphones.com.vn/media/catalog/product/m/a/macbook_2__14.png,87990000,Không phí chuyển đổi khi trả góp 0% qua thẻ tín dụng kỳ hạn 3-6 tháng
Mac mini M4 2024 10CPU 10GPU 32GB 512GB | Chính hãng Apple Việt Nam,https://cdn2.cellphones.com.vn/insecure/rs:fill:358:358/q:90/plain/https://cellphones.com.vn/media/catalog/product/m/a/macbook_3__14.png,29590000,Không phí chuyển đổi khi trả góp 0% qua thẻ tín dụng kỳ hạn 3-6 tháng
MacBook Pro 14 M4 Pro 14CPU 20GPU 24GB 1TB Nano | Chính hãng Apple Việt Nam,https://cdn2.cellphones.com.vn/insecure/rs:fill:358:358/q:90/plain/https://cellphones.com.vn/media/catalog/product/m/a/macbook_2__17.png,63790000,Không phí chuyển đổi khi trả góp 0% qua thẻ tín dụng kỳ hạn 3-6 tháng
iMac M4 2024 24 inch 8CPU 8GPU 16GB 512GB | Chính hãng Apple Việt Nam,https://cdn2.cellphones.com.vn/insecure/rs:fill:358:358/q:90/plain/https://cellphones.com.vn/media/catalog/product/m/a/macbook_2__12.png,38990000,Không phí chuyển đổi khi trả góp 0% qua thẻ tín dụng kỳ hạn 3-6 tháng
iMac M4 2024 24 inch 10CPU 10GPU 16GB 256GB | Chính hãng Apple Việt Nam,https://cdn2.cellphones.com.vn/insecure/rs:fill:358:358/q:90/plain/https://cellphones.com.vn/media/catalog/product/m/a/macbook_3__6.png,38990000,Không phí chuyển đổi khi trả góp 0% qua thẻ tín dụng kỳ hạn 3-6 tháng
MacBook Pro 14 M3 Max 36GB - 1TB | Chính hãng Apple Việt Nam,https://cdn2.cellphones.com.vn/insecure/rs:fill:358:358/q:90/plain/https://cellphones.com.vn/media/catalog/product/g/r/group_560_6_.png,72590000,Không phí chuyển đổi khi trả góp 0% qua thẻ tín dụng kỳ hạn 3-6 tháng
MacBook Air 15 inch M2 2023 16GB 256GB | Chính hãng Apple Việt Nam,https://cdn2.cellphones.com.vn/insecure/rs:fill:358:358/q:90/plain/https://cellphones.com.vn/media/catalog/product/g/r/group_524_1__1.png,30490000,Không phí chuyển đổi khi trả góp 0% qua thẻ tín dụng kỳ hạn 3-6 tháng
iMac M4 2024 24 inch 8CPU 8GPU 16GB 256GB Phím số + Trackpad | Chính hãng Apple Việt Nam,https://cdn2.cellphones.com.vn/insecure/rs:fill:358:358/q:90/plain/https://cellphones.com.vn/media/catalog/product/m/a/macbook_1__2_2_1.png,37930000,Không phí chuyển đổi khi trả góp 0% qua thẻ tín dụng kỳ hạn 3-6 tháng
iMac M3 24 inch 8CPU 8GPU 16GB 512GB | Chính hãng Apple Việt Nam,https://cdn2.cellphones.com.vn/insecure/rs:fill:358:358/q:90/plain/https://cellphones.com.vn/media/catalog/product/m/a/macbook_5_3.png,34990000,Không phí chuyển đổi khi trả góp 0% qua thẻ tín dụng kỳ hạn 3-6 tháng
MacBook Pro 14 M4 Pro 14CPU 20GPU 24GB 512GB Nano | Chính hãng Apple Việt Nam,https://cdn2.cellphones.com.vn/insecure/rs:fill:358:358/q:90/plain/https://cellphones.com.vn/media/catalog/product/m/a/macbook_1__2_11.png,58790000,Không phí chuyển đổi khi trả góp 0% qua thẻ tín dụng kỳ hạn 3-6 tháng
MacBook Air M3 13 inch 2024 8GB - 256GB | Chính hãng Apple Việt Nam,https://cdn2.cellphones.com.vn/insecure/rs:fill:358:358/q:90/plain/https://cellphones.com.vn/media/catalog/product/m/a/macbook_2__5.png,24990000,Không phí chuyển đổi khi trả góp 0% qua thẻ tín dụng kỳ hạn 3-6 tháng
MacBook Pro 14 M4 10CPU 10GPU 24GB 512GB Nano Sạc 70W | Chính hãng Apple Việt Nam,https://cdn2.cellphones.com.vn/insecure/rs:fill:358:358/q:90/plain/https://cellphones.com.vn/media/catalog/product/m/a/macbook_1__2_10.png,48790000,Không phí chuyển đổi khi trả góp 0% qua thẻ tín dụng kỳ hạn 3-6 tháng
MacBook Pro 16 inch M3 Pro 2023 (12 CPU - 18 GPU 36GB 512GB),https://cdn2.cellphones.com.vn/insecure/rs:fill:358:358/q:90/plain/https://cellphones.com.vn/media/catalog/product/g/r/group_562_7_.png,Giá Liên Hệ,Không phí chuyển đổi khi trả góp 0% qua thẻ tín dụng kỳ hạn 3-6 tháng
MacBook Air M2 2024 8CPU 10GPU 16GB 256GB Sạc 30W I Chính hãng Apple Việt Nam,https://cdn2.cellphones.com.vn/insecure/rs:fill:358:358/q:90/plain/https://cellphones.com.vn/media/catalog/product/g/r/group_524_4_.png,25990000,Không phí chuyển đổi khi trả góp 0% qua thẻ tín dụng kỳ hạn 3-6 tháng
MacBook Pro 14 inch M3 Max 96GB - 512GB Sạc 96W | Chính hãng Apple Việt Nam,https://cdn2.cellphones.com.vn/insecure/rs:fill:358:358/q:90/plain/https://cellphones.com.vn/media/catalog/product/g/r/group_560_13_.png,89990000,Không phí chuyển đổi khi trả góp 0% qua thẻ tín dụng kỳ hạn 3-6 tháng
Apple MacBook Air M2 2024 8CPU 10GPU 8GB 512GB I Chính hãng Apple Việt Nam,https://cdn2.cellphones.com.vn/insecure/rs:fill:358:358/q:90/plain/https://cellphones.com.vn/media/catalog/product/m/a/macbook_1__2_6.png,24790000,Không phí chuyển đổi khi trả góp 0% qua thẻ tín dụng kỳ hạn 3-6 tháng
MacBook Air 15 inch M2 2023 8CPU 10GPU 8GB 512GB | Chính hãng Apple Việt Nam,https://cdn2.cellphones.com.vn/insecure/rs:fill:358:358/q:90/plain/https://cellphones.com.vn/media/catalog/product/m/a/macbook_27_.png,25490000,Không phí chuyển đổi khi trả góp 0% qua thẻ tín dụng kỳ hạn 3-6 tháng
Mac mini M4 2024 10CPU 10GPU 32GB 1TB | Chính hãng Apple Việt Nam,https://cdn2.cellphones.com.vn/insecure/rs:fill:358:358/q:90/plain/https://cellphones.com.vn/media/catalog/product/m/a/macbook_4__10.png,34490000,Không phí chuyển đổi khi trả góp 0% qua thẻ tín dụng kỳ hạn 3-6 tháng
MacBook Pro 14 M3 8GB - 512GB | Chính hãng Apple Việt Nam,https://cdn2.cellphones.com.vn/insecure/rs:fill:358:358/q:90/plain/https://cellphones.com.vn/media/catalog/product/g/r/group_560_1.png,35390000,Không phí chuyển đổi khi trả góp 0% qua thẻ tín dụng kỳ hạn 3-6 tháng
MacBook Air M3 13 inch 2024 8GB - 512GB | Chính hãng Apple Việt Nam,https://cdn2.cellphones.com.vn/insecure/rs:fill:358:358/q:90/plain/https://cellphones.com.vn/media/catalog/product/m/a/macbook_18__1.png,25990000,Không phí chuyển đổi khi trả góp 0% qua thẻ tín dụng kỳ hạn 3-6 tháng
MacBook Pro 14 inch M3 2023 (8 CPU - 10 GPU 16GB 512GB) | Chính hãng Apple Việt Nam,https://cdn2.cellphones.com.vn/insecure/rs:fill:358:358/q:90/plain/https://cellphones.com.vn/media/catalog/product/g/r/group_560_1_.png,38490000,Không phí chuyển đổi khi trả góp 0% qua thẻ tín dụng kỳ hạn 3-6 tháng
MacBook Air 15 inch M2 2023 8GB 256GB sạc 35W | Chính hãng Apple Việt Nam,https://cdn2.cellphones.com.vn/insecure/rs:fill:358:358/q:90/plain/https://cellphones.com.vn/media/catalog/product/m/a/macbook_16__1.png,24990000,Không phí chuyển đổi khi trả góp 0% qua thẻ tín dụng kỳ hạn 3-6 tháng
Mac mini M4 2024 10CPU 10GPU 24GB 256GB | Chính hãng Apple Việt Nam,https://cdn2.cellphones.com.vn/insecure/rs:fill:358:358/q:90/plain/https://cellphones.com.vn/media/catalog/product/m/a/macbook_11.png,19990000,Không phí chuyển đổi khi trả góp 0% qua thẻ tín dụng kỳ hạn 3-6 tháng
MacBook Air M3 13 inch 2024 8CPU 10GPU 24GB - 256GB sạc 30W | Chính hãng Apple Việt Nam,https://cdn2.cellphones.com.vn/insecure/rs:fill:358:358/q:90/plain/https://cellphones.com.vn/media/catalog/product/m/a/macbook_7_3.png,32590000,Không phí chuyển đổi khi trả góp 0% qua thẻ tín dụng kỳ hạn 3-6 tháng
Apple MacBook Pro 13 M2 2022 16GB 256GB I Chính hãng Apple Việt Nam,https://cdn2.cellphones.com.vn/insecure/rs:fill:358:358/q:90/plain/https://cellphones.com.vn/media/catalog/product/m/a/macbook_pro_m22.png,36390000,Không phí chuyển đổi khi trả góp 0% qua thẻ tín dụng kỳ hạn 3-6 tháng
MacBook Air M3 13 inch 2024 8CPU 10GPU 24GB - 512GB Sạc 70W | Chính hãng Apple Việt Nam,https://cdn2.cellphones.com.vn/insecure/rs:fill:358:358/q:90/plain/https://cellphones.com.vn/media/catalog/product/m/a/macbook_7_5_1.png,34290000,Không phí chuyển đổi khi trả góp 0% qua thẻ tín dụng kỳ hạn 3-6 tháng
iMac M4 2024 24 inch 10CPU 10GPU 24GB 512GB | Chính hãng Apple Việt Nam,https://cdn2.cellphones.com.vn/insecure/rs:fill:358:358/q:90/plain/https://cellphones.com.vn/media/catalog/product/m/a/macbook_7_8.png,49990000,Không phí chuyển đổi khi trả góp 0% qua thẻ tín dụng kỳ hạn 3-6 tháng
Mac mini M2 2023 (8 CPU - 10 GPU - 8GB - 256GB) | Chính hãng Apple Việt Nam,https://cdn2.cellphones.com.vn/insecure/rs:fill:358:358/q:90/plain/https://cellphones.com.vn/media/catalog/product/m/a/macbook_14__1.png,12990000,Không phí chuyển đổi khi trả góp 0% qua thẻ tín dụng kỳ hạn 3-6 tháng
MacBook Pro 14 M4 Pro 12CPU 16GPU 24GB 1TB | Chính hãng Apple Việt Nam,https://cdn2.cellphones.com.vn/insecure/rs:fill:358:358/q:90/plain/https://cellphones.com.vn/media/catalog/product/m/a/macbook_1__2_9.png,54990000,Không phí chuyển đổi khi trả góp 0% qua thẻ tín dụng kỳ hạn 3-6 tháng
MacBook Air M3 13 inch 2024 8CPU 10GPU 16GB 1TB | Chính hãng Apple Việt Nam,https://cdn2.cellphones.com.vn/insecure/rs:fill:358:358/q:90/plain/https://cellphones.com.vn/media/catalog/product/m/a/macbook_4__1_2.png,34290000,Không phí chuyển đổi khi trả góp 0% qua thẻ tín dụng kỳ hạn 3-6 tháng
MacBook Air 15 inch M2 2023 8GB 256GB sạc 70W | Chính hãng Apple Việt Nam,https://cdn2.cellphones.com.vn/insecure/rs:fill:358:358/q:90/plain/https://cellphones.com.vn/media/catalog/product/m/a/macbook_12__1.png,24990000,Không phí chuyển đổi khi trả góp 0% qua thẻ tín dụng kỳ hạn 3-6 tháng
MacBook Pro 14 M4 Pro 12CPU 16GPU 24GB 512GB Nano | Chính hãng Apple Việt Nam,https://cdn2.cellphones.com.vn/insecure/rs:fill:358:358/q:90/plain/https://cellphones.com.vn/media/catalog/product/m/a/macbook_8_3.png,53790000,Không phí chuyển đổi khi trả góp 0% qua thẻ tín dụng kỳ hạn 3-6 tháng
MacBook Air M4 13 inch 2025 10CPU 10GPU 16GB 512GB | Chính hãng Apple Việt Nam,https://cdn2.cellphones.com.vn/insecure/rs:fill:358:358/q:90/plain/https://cellphones.com.vn/media/catalog/product/m/a/macbook_1__4_1.png,31990000,Không phí chuyển đổi khi trả góp 0% qua thẻ tín dụng kỳ hạn 3-6 tháng
MacBook Pro 14 M4 Pro 12CPU 16GPU 48GB 512GB Sạc 70W | Chính hãng Apple Việt Nam,https://cdn2.cellphones.com.vn/insecure/rs:fill:358:358/q:90/plain/https://cellphones.com.vn/media/catalog/product/m/a/macbook_8_4.png,59990000,Không phí chuyển đổi khi trả góp 0% qua thẻ tín dụng kỳ hạn 3-6 tháng
MacBook Pro 16 M4 Pro 14CPU 20GPU 48GB 512GB | Chính hãng Apple Việt Nam,https://cdn2.cellphones.com.vn/insecure/rs:fill:358:358/q:90/plain/https://cellphones.com.vn/media/catalog/product/m/a/macbook_1__2_4.png,74990000,Không phí chuyển đổi khi trả góp 0% qua thẻ tín dụng kỳ hạn 3-6 tháng
MacBook Pro 16 inch M2 Pro 2023 (12 CPU - 19 GPU - 16GB - 512GB),https://cdn2.cellphones.com.vn/insecure/rs:fill:358:358/q:90/plain/https://cellphones.com.vn/media/catalog/product/m/a/macbook_3__5.png,52990000,Không phí chuyển đổi khi trả góp 0% qua thẻ tín dụng kỳ hạn 3-6 tháng
MacBook Pro 16 inch M3 Pro 2023 36GB 1TB | Chính hãng Apple Việt Nam,https://cdn2.cellphones.com.vn/insecure/rs:fill:358:358/q:90/plain/https://cellphones.com.vn/media/catalog/product/g/r/group_562_6_.png,75990000,Không phí chuyển đổi khi trả góp 0% qua thẻ tín dụng kỳ hạn 3-6 tháng
MacBook Pro 14 M3 Pro 36GB - 512GB Sạc 70W | Chính hãng Apple Việt Nam,https://cdn2.cellphones.com.vn/insecure/rs:fill:358:358/q:90/plain/https://cellphones.com.vn/media/catalog/product/g/r/group_560_12_.png,49990000,Không phí chuyển đổi khi trả góp 0% qua thẻ tín dụng kỳ hạn 3-6 tháng
Mac mini M4 Pro 2024 12CPU 16GPU 64GB 1TB Ethernet 10 Gigabit | Chính hãng Apple Việt Nam,https://cdn2.cellphones.com.vn/insecure/rs:fill:358:358/q:90/plain/https://cellphones.com.vn/media/catalog/product/m/a/macbook_9_3.png,Giá Liên Hệ,Không phí chuyển đổi khi trả góp 0% qua thẻ tín dụng kỳ hạn 3-6 tháng
MacBook Air M4 13 inch 2025 10CPU 10GPU 24GB 512GB | Chính hãng Apple Việt Nam,https://cdn2.cellphones.com.vn/insecure/rs:fill:358:358/q:90/plain/https://cellphones.com.vn/media/catalog/product/m/a/macbook_2__21.png,36990000,Không phí chuyển đổi khi trả góp 0% qua thẻ tín dụng kỳ hạn 3-6 tháng
MacBook Air M4 15 inch 2025 10CPU 10GPU 16GB 512GB | Chính hãng Apple Việt Nam,https://cdn2.cellphones.com.vn/insecure/rs:fill:358:358/q:90/plain/https://cellphones.com.vn/media/catalog/product/m/a/macbook_4__1_3.png,36990000,Không phí chuyển đổi khi trả góp 0% qua thẻ tín dụng kỳ hạn 3-6 tháng
MacBook Pro 14 M3 Pro 11 CPU - 14 GPU 18GB - 2TB | Chính hãng Apple Việt Nam,https://cdn2.cellphones.com.vn/insecure/rs:fill:358:358/q:90/plain/https://cellphones.com.vn/media/catalog/product/m/a/macbook_1__1_13.png,60990000,Không phí chuyển đổi khi trả góp 0% qua thẻ tín dụng kỳ hạn 3-6 tháng
Mac mini M4 Pro 2024 12CPU 16GPU 24GB 1TB | Chính hãng Apple Việt Nam,https://cdn2.cellphones.com.vn/insecure/rs:fill:358:358/q:90/plain/https://cellphones.com.vn/media/catalog/product/m/a/macbook_2__16.png,39990000,Không phí chuyển đổi khi trả góp 0% qua thẻ tín dụng kỳ hạn 3-6 tháng
Macbook Air M3 13 inch 2024 8CPU 10GPU 24GB - 1TB sạc 70W | Chính hãng Apple Việt Nam,https://cdn2.cellphones.com.vn/insecure/rs:fill:358:358/q:90/plain/https://cellphones.com.vn/media/catalog/product/m/a/macbook_2__10.png,Giá Liên Hệ,Không phí chuyển đổi khi trả góp 0% qua thẻ tín dụng kỳ hạn 3-6 tháng
iMac M4 2024 24 inch 10CPU 10GPU 24GB 1TB Touch ID | Chính hãng Apple Việt Nam,https://cdn2.cellphones.com.vn/insecure/rs:fill:358:358/q:90/plain/https://cellphones.com.vn/media/catalog/product/m/a/macbook_1__4.png,55700000,Không phí chuyển đổi khi trả góp 0% qua thẻ tín dụng kỳ hạn 3-6 tháng
Mac mini M4 2024 10CPU 10GPU 32GB 256GB | Chính hãng Apple Việt Nam,https://cdn2.cellphones.com.vn/insecure/rs:fill:358:358/q:90/plain/https://cellphones.com.vn/media/catalog/product/m/a/macbook_9_1.png,24990000,Không phí chuyển đổi khi trả góp 0% qua thẻ tín dụng kỳ hạn 3-6 tháng
MacBook Air 15 inch M3 16GB - 1TB 2024 Sạc 70W | Chính hãng Apple Việt Nam,https://cdn2.cellphones.com.vn/insecure/rs:fill:358:358/q:90/plain/https://cellphones.com.vn/media/catalog/product/m/a/macbook_1__1_10.png,47990000,Không phí chuyển đổi khi trả góp 0% qua thẻ tín dụng kỳ hạn 3-6 tháng
MacBook Air M4 15 inch 2025 10CPU 10GPU 24GB 512GB | Chính hãng Apple Việt Nam,https://cdn2.cellphones.com.vn/insecure/rs:fill:358:358/q:90/plain/https://cellphones.com.vn/media/catalog/product/m/a/macbook_5__8.png,41990000,Không phí chuyển đổi khi trả góp 0% qua thẻ tín dụng kỳ hạn 3-6 tháng
MacBook Pro 14 M4 Pro 14CPU 20GPU 48GB 1TB Nano | Chính hãng Apple Việt Nam,https://cdn2.cellphones.com.vn/insecure/rs:fill:358:358/q:90/plain/https://cellphones.com.vn/media/catalog/product/m/a/macbook_1__3_3.png,73790000,Không phí chuyển đổi khi trả góp 0% qua thẻ tín dụng kỳ hạn 3-6 tháng
iMac M3 24 inch 8CPU 10GPU 16GB 512GB | Chính hãng Apple Việt Nam,https://cdn2.cellphones.com.vn/insecure/rs:fill:358:358/q:90/plain/https://cellphones.com.vn/media/catalog/product/m/a/macbook_8__3.png,Giá Liên Hệ,Không phí chuyển đổi khi trả góp 0% qua thẻ tín dụng kỳ hạn 3-6 tháng
MacBook Pro 16 M4 Pro 14CPU 20GPU 24GB 512GB Nano | Chính hãng Apple Việt Nam,https://cdn2.cellphones.com.vn/insecure/rs:fill:358:358/q:90/plain/https://cellphones.com.vn/media/catalog/product/m/a/macbook_4__9.png,68790000,Không phí chuyển đổi khi trả góp 0% qua thẻ tín dụng kỳ hạn 3-6 tháng
iMac M4 2024 24 inch 8CPU 8GPU 24GB 512GB | Chính hãng Apple Việt Nam,https://cdn2.cellphones.com.vn/insecure/rs:fill:358:358/q:90/plain/https://cellphones.com.vn/media/catalog/product/m/a/macbook_7_6.png,44990000,Không phí chuyển đổi khi trả góp 0% qua thẻ tín dụng kỳ hạn 3-6 tháng
MacBook Air M3 15 inch 2024 24GB - 512GB Sạc 70W | Chính hãng Apple Việt Nam,https://cdn2.cellphones.com.vn/insecure/rs:fill:358:358/q:90/plain/https://cellphones.com.vn/media/catalog/product/m/a/macbook_2__8.png,39990000,Không phí chuyển đổi khi trả góp 0% qua thẻ tín dụng kỳ hạn 3-6 tháng
iMac M4 2024 24 inch 8CPU 8GPU 16GB 1TB Ethernet | Chính hãng Apple Việt Nam,https://cdn2.cellphones.com.vn/insecure/rs:fill:358:358/q:90/plain/https://cellphones.com.vn/media/catalog/product/m/a/macbook_9.png,45700000,Không phí chuyển đổi khi trả góp 0% qua thẻ tín dụng kỳ hạn 3-6 tháng
MacBook Pro 14 M3 Pro 128GB - 8TB | Chính hãng Apple Việt Nam,https://cdn2.cellphones.com.vn/insecure/rs:fill:358:358/q:90/plain/https://cellphones.com.vn/media/catalog/product/g/r/group_560_11_.png,194990000,Không phí chuyển đổi khi trả góp 0% qua thẻ tín dụng kỳ hạn 3-6 tháng
Mac mini M2 2023 (8 CPU - 10 GPU - 16GB - 1TB) | Chính hãng Apple Việt Nam,https://cdn2.cellphones.com.vn/insecure/rs:fill:358:358/q:90/plain/https://cellphones.com.vn/media/catalog/product/g/r/group_557_3_.png,27990000,Không phí chuyển đổi khi trả góp 0% qua thẻ tín dụng kỳ hạn 3-6 tháng
MacBook Pro 14 M4 10CPU 10GPU 16GB 512GB Nano Sạc 96W | Chính hãng Apple Việt Nam,https://cdn2.cellphones.com.vn/insecure/rs:fill:358:358/q:90/plain/https://cellphones.com.vn/media/catalog/product/m/a/macbook_8_6_1.png,44290000,Không phí chuyển đổi khi trả góp 0% qua thẻ tín dụng kỳ hạn 3-6 tháng
MacBook Pro 16 M4 Pro 14CPU 20GPU 48GB 1TB | Chính hãng Apple Việt Nam,https://cdn2.cellphones.com.vn/insecure/rs:fill:358:358/q:90/plain/https://cellphones.com.vn/media/catalog/product/m/a/macbook_2__20.png,79990000,Không phí chuyển đổi khi trả góp 0% qua thẻ tín dụng kỳ hạn 3-6 tháng
Mac mini M4 Pro 2024 12CPU 16GPU 64GB 2TB | Chính hãng Apple Việt Nam,https://cdn2.cellphones.com.vn/insecure/rs:fill:358:358/q:90/plain/https://cellphones.com.vn/media/catalog/product/m/a/macbook_9_2.png,Giá Liên Hệ,Không phí chuyển đổi khi trả góp 0% qua thẻ tín dụng kỳ hạn 3-6 tháng
Mac mini M2 Pro 2023 (10 CPU - 16 GPU - 32GB - 1TB) | Chính hãng Apple Việt Nam,https://cdn2.cellphones.com.vn/insecure/rs:fill:358:358/q:90/plain/https://cellphones.com.vn/media/catalog/product/g/r/group_557_2_.png,42990000,Không phí chuyển đổi khi trả góp 0% qua thẻ tín dụng kỳ hạn 3-6 tháng
MacBook Pro 16 inch M2 Max 64GB 2023 (12CPU - 38 GPU - 64GB - 1TB),https://cdn2.cellphones.com.vn/insecure/rs:fill:358:358/q:90/plain/https://cellphones.com.vn/media/catalog/product/g/r/group_524_3__1.png,105990000,Không phí chuyển đổi khi trả góp 0% qua thẻ tín dụng kỳ hạn 3-6 tháng
MacBook Pro 16 M3 Max 128GB - 8TB 2023 | Chính hãng Apple Việt Nam,https://cdn2.cellphones.com.vn/insecure/rs:fill:358:358/q:90/plain/https://cellphones.com.vn/media/catalog/product/g/r/group_562_8_.png,182490000,Không phí chuyển đổi khi trả góp 0% qua thẻ tín dụng kỳ hạn 3-6 tháng
MacBook Pro 16 M4 Max 14CPU 32GPU 36GB 1TB Nano | Chính hãng Apple Việt Nam,https://cdn2.cellphones.com.vn/insecure/rs:fill:358:358/q:90/plain/https://cellphones.com.vn/media/catalog/product/m/a/macbook_5__7.png,93790000,Không phí chuyển đổi khi trả góp 0% qua thẻ tín dụng kỳ hạn 3-6 tháng
MacBook Pro 14 M3 Pro 2023 (11 CPU - 14 GPU 36GB 1TB) Sạc 70W | Chính hãng Apple Việt Nam,https://cdn2.cellphones.com.vn/insecure/rs:fill:358:358/q:90/plain/https://cellphones.com.vn/media/catalog/product/g/r/group_560_8_.png,64990000,Không phí chuyển đổi khi trả góp 0% qua thẻ tín dụng kỳ hạn 3-6 tháng
Apple Mac Studio M3 Ultra 2025 28CPU 60GPU | Chính hãng Apple Việt Nam,https://cdn2.cellphones.com.vn/insecure/rs:fill:358:358/q:90/plain/https://cellphones.com.vn/media/catalog/product/m/a/macbook_9__5.png,115990000,Không phí chuyển đổi khi trả góp 0% qua thẻ tín dụng kỳ hạn 3-6 tháng
MacBook Air M4 13 inch 2025 10CPU 8GPU 16GB 256GB | Chính hãng Apple Việt Nam,https://cdn2.cellphones.com.vn/insecure/rs:fill:358:358/q:90/plain/https://cellphones.com.vn/media/catalog/product/m/a/macbook_11_1.png,26990000,Không phí chuyển đổi khi trả góp 0% qua thẻ tín dụng kỳ hạn 3-6 tháng
MacBook Pro 14 inch M2 Max 64GB 2023 (12 CPU - 30 GPU - 64GB - 1TB),https://cdn2.cellphones.com.vn/insecure/rs:fill:358:358/q:90/plain/https://cellphones.com.vn/media/catalog/product/g/r/group_560_15_.png,88990000,Không phí chuyển đổi khi trả góp 0% qua thẻ tín dụng kỳ hạn 3-6 tháng
Mac Pro M2 Ultra 2023 | Chính hãng Apple Việt Nam,https://cdn2.cellphones.com.vn/insecure/rs:fill:358:358/q:90/plain/https://cellphones.com.vn/media/catalog/product/m/a/macbook_11__1.png,Giá Liên Hệ,Không phí chuyển đổi khi trả góp 0% qua thẻ tín dụng kỳ hạn 3-6 tháng
Apple Mac Studio M1 Max 10 CPU - 24 GPU 32GB 512GB 2022 Chính Hãng (MJMV3),https://cdn2.cellphones.com.vn/insecure/rs:fill:358:358/q:90/plain/https://cellphones.com.vn/media/catalog/product/2/_/2_55_2.png,Giá Liên Hệ,Không phí chuyển đổi khi trả góp 0% qua thẻ tín dụng kỳ hạn 3-6 tháng
Apple Mac Studio M4 Max 2025 14CPU 32GPU | Chính hãng Apple Việt Nam,https://cdn2.cellphones.com.vn/insecure/rs:fill:358:358/q:90/plain/https://cellphones.com.vn/media/catalog/product/m/a/macbook_10__4.png,57990000,Không phí chuyển đổi khi trả góp 0% qua thẻ tín dụng kỳ hạn 3-6 tháng
MacBook Air M4 15 inch 2025 10CPU 10GPU 16GB 256GB | Chính hãng Apple Việt Nam,https://cdn2.cellphones.com.vn/insecure/rs:fill:358:358/q:90/plain/https://cellphones.com.vn/media/catalog/product/m/a/macbook_3__15.png,31990000,Không phí chuyển đổi khi trả góp 0% qua thẻ tín dụng kỳ hạn 3-6 tháng
